"Data Provider","The Paleobiology Database"
"Data Source","The Paleobiology Database"
"Data License","Creative Commons CC0"
"License URL","https://creativecommons.org/publicdomain/zero/1.0/"
"Documentation URL","http://paleobiodb.org/data1.2/occs/list_doc.html"
"Data URL","http://paleobiodb.org/data1.2/occs/list.csv?datainfo&rowcount&base_name=Guadalupiidae&taxon_reso=genus&idqual=certain"
"Access Time","Mon 2025-12-01 23:00:15 GMT"
"Title","PBDB Data Service"
"Parameters:"
"","base_name","Guadalupiidae"
"","idreso","genus"
"","idqual","certain"
"","timerule","major"
"","taxon_status","all"
"Elapsed Time","0.0491"
"Records Found","584"
"Records Returned","584"
"Records:"
"occurrence_no","record_type","reid_no","flags","collection_no","identified_name","identified_rank","identified_no","difference","accepted_name","accepted_rank","accepted_no","early_interval","late_interval","max_ma","min_ma","reference_no"
"129667","occ","","","10698","Cystothalamia noduliformis","genus","3747","species not entered","Cystothalamia","genus","3747","Capitanian","","264.28","259.51","3972"
"247591","occ","","","24203","Lemonea micra","species","136531","","Lemonea micra","species","136531","Capitanian","","264.28","259.51","6842"
"247593","occ","","","24203","Lemonea cylindrica","species","126783","","Lemonea cylindrica","species","126782","Capitanian","","264.28","259.51","6842"
"247594","occ","","","24203","Discosiphonella mammilosa","genus","3751","species not entered","Discosiphonella","genus","3751","Capitanian","","264.28","259.51","6842"
"247596","occ","","","24203","Guadalupia explanata","species","199340","recombined as","Polyphymaspongia explanata","species","170841","Capitanian","","264.28","259.51","6842"
"247597","occ","","","24203","Lemonea polysiphonata","species","199342","","Lemonea polysiphonata","species","199342","Capitanian","","264.28","259.51","6842"
"247610","occ","","","24203","Guadalupia zitteliana","species","126780","","Guadalupia zitteliana","species","126780","Capitanian","","264.28","259.51","6842"
"247611","occ","","","24203","Lemonea conica","species","199341","","Lemonea conica","species","199341","Capitanian","","264.28","259.51","6842"
"247618","occ","","","24203","Lemonea exaulifera","species","199344","","Lemonea exaulifera","species","199344","Capitanian","","264.28","259.51","6842"
"248451","occ","","","24249","Cystothalamia sp.","genus","3747","","Cystothalamia","genus","3747","Changhsingian","","254.14","251.902","6856"
"261628","occ","","","25261","Cystauletes sp.","genus","56687","species not entered","Discosiphonella","genus","3751","Sevatian","","211.18","205.7","7080"
"365845","occ","","","34646","Cystothalamia chaimakensis","genus","3747","species not entered","Cystothalamia","genus","3747","Lacian","","227.3","215.38","9166"
"365986","occ","","","34656","Discosiphonella sp.","genus","3751","","Discosiphonella","genus","3751","Changhsingian","","254.14","251.902","9169"
"366560","occ","","","34691","Cystothalamia polysiphonata","species","200904","recombined as","Diecithalamia polysiphonata","species","200904","Julian","","237","233.6","9188"
"381566","occ","24652","","36221","Discosiphonella mammilosa","genus","3751","species not entered","Discosiphonella","genus","3751","Changhsingian","","254.14","251.902","20832"
"381842","occ","","","36241","Guadalupia cylindrica","species","126782","recombined as","Lemonea cylindrica","species","126782","Roadian","","274.4","266.9","9717"
"385283","occ","","","36700","Cystothalamia schaimakensis","genus","3747","species not entered","Cystothalamia","genus","3747","Tuvalian","Alaunian","233.6","211.18","9785"
"385516","occ","","","36719","Cystauletes bzhebsi n. sp.","genus","56687","species not entered","Discosiphonella","genus","3751","Norian","","227.3","205.7","9785"
"385530","occ","","","36720","Ascosymplegma caucasicum n. sp.","genus","56697","species not entered","Discosiphonella","genus","3751","Norian","","227.3","205.7","9785"
"385541","occ","","","36721","Cystauletes bzhebsi n. sp.","genus","56687","species not entered","Discosiphonella","genus","3751","Norian","","227.3","205.7","9785"
"395126","occ","","","38018","Cystothalamia polysiphonata","species","200904","recombined as","Diecithalamia polysiphonata","species","200904","Tuvalian","","233.6","227.3","10131"
"395127","occ","11853","","38018","Diecithalamia polysiphonata","species","200905","","Diecithalamia polysiphonata","species","200904","Tuvalian","","233.6","227.3","11908"
"412240","occ","","","39857","Discosiphonella sp.","genus","3751","","Discosiphonella","genus","3751","Kasimovian","","307","303.7","10759"
"425772","occ","","","41507","Guadalupia minuta","species","126050","","Guadalupia minuta","species","126050","Kungurian","","283.3","274.4","11126"
"425773","occ","","","41507","Cystothalamia nana n. sp.","species","126051","","Cystothalamia nana","species","126051","Kungurian","","283.3","274.4","11126"
"425778","occ","","","41510","Guadalupia minuta","species","126050","","Guadalupia minuta","species","126050","Kungurian","","283.3","274.4","11126"
"425781","occ","","","41511","Guadalupia minuta n. sp.","species","126050","","Guadalupia minuta","species","126050","Kungurian","","283.3","274.4","11126"
"427099","occ","","","41654","Cystothalamia conica","species","128908","","Cystothalamia conica","species","128907","Wordian","","266.9","264.28","11155"
"428521","occ","","","41833","Cystothalamia conica","species","128908","","Cystothalamia conica","species","128907","Wordian","","266.9","264.28","11155"
"428524","occ","","","41835","Cystauletes lercarensis","species","128910","","Cystauletes lercarensis","species","128910","Wordian","","266.9","264.28","11155"
"428525","occ","","","41835","Cystauletes mammilosus","species","126784","recombined as","Discosiphonella mammilosus","species","126784","Wordian","","266.9","264.28","11155"
"428629","occ","","","41855","Cystothalamia conica","species","128908","","Cystothalamia conica","species","128907","Capitanian","","264.28","259.51","11155"
"428639","occ","","","41858","Cystauletes mammilosus","species","126784","recombined as","Discosiphonella mammilosus","species","126784","Wordian","","266.9","264.28","11155"
"428640","occ","","","41858","Cystothalamia conica","species","128908","","Cystothalamia conica","species","128907","Wordian","","266.9","264.28","11155"
"428649","occ","","","41864","Cystauletes mammilosus","species","126784","recombined as","Discosiphonella mammilosus","species","126784","Wordian","","266.9","264.28","11155"
"428650","occ","","","41864","Cystothalamia conica","species","128908","","Cystothalamia conica","species","128907","Wordian","","266.9","264.28","11155"
"428655","occ","","","41867","Cystauletes mammilosus","species","126784","recombined as","Discosiphonella mammilosus","species","126784","Capitanian","","264.28","259.51","11155"
"428664","occ","","","41868","Guadalupia cylindrica","species","126782","recombined as","Lemonea cylindrica","species","126782","Capitanian","","264.28","259.51","11155"
"428858","occ","","","41877","Cystauletes lercarensis","species","128910","","Cystauletes lercarensis","species","128910","Capitanian","","264.28","259.51","11155"
"428862","occ","","","41878","Cystauletes mammilosus","species","126784","recombined as","Discosiphonella mammilosus","species","126784","Capitanian","","264.28","259.51","11155"
"428863","occ","","","41878","Cystothalamia conica","species","128908","","Cystothalamia conica","species","128907","Capitanian","","264.28","259.51","11155"
"428874","occ","","","41882","Cystothalamia conica","species","128908","","Cystothalamia conica","species","128907","Capitanian","","264.28","259.51","11155"
"429521","occ","","","41957","Cystauletes mammilosus","species","126784","recombined as","Discosiphonella mammilosus","species","126784","Capitanian","","264.28","259.51","11155"
"429522","occ","","","41957","Cystothalamia conica","species","128908","","Cystothalamia conica","species","128907","Capitanian","","264.28","259.51","11155"
"429529","occ","","","41955","Cystauletes mammilosus","species","126784","recombined as","Discosiphonella mammilosus","species","126784","Capitanian","","264.28","259.51","11155"
"429716","occ","","","41971","Cystauletes mammilosus","species","126784","recombined as","Discosiphonella mammilosus","species","126784","Wordian","","266.9","264.28","11155"
"429717","occ","","","41971","Cystothalamia conica","species","128908","","Cystothalamia conica","species","128907","Wordian","","266.9","264.28","11155"
"429738","occ","","","41975","Cystauletes lercarensis","species","128910","","Cystauletes lercarensis","species","128910","Wordian","","266.9","264.28","11155"
"429739","occ","","","41975","Cystauletes mammilosus","species","126784","recombined as","Discosiphonella mammilosus","species","126784","Wordian","","266.9","264.28","11155"
"429753","occ","","","41976","Cystauletes mammilosus","species","126784","recombined as","Discosiphonella mammilosus","species","126784","Wordian","","266.9","264.28","11155"
"429754","occ","","","41976","Cystothalamia conica","species","128908","","Cystothalamia conica","species","128907","Wordian","","266.9","264.28","11155"
"429760","occ","","","41977","Cystauletes mammilosus","species","126784","recombined as","Discosiphonella mammilosus","species","126784","Capitanian","","264.28","259.51","11155"
"430417","occ","","","42037","Cystauletes mammilosus","species","126784","recombined as","Discosiphonella mammilosus","species","126784","Capitanian","","264.28","259.51","11155"
"430422","occ","","","42038","Cystauletes mammilosus","species","126784","recombined as","Discosiphonella mammilosus","species","126784","Capitanian","","264.28","259.51","11155"
"430427","occ","","","42039","Cystothalamia conica","species","128908","","Cystothalamia conica","species","128907","Capitanian","","264.28","259.51","11155"
"430432","occ","","","42042","Guadalupia cylindrica","species","126782","recombined as","Lemonea cylindrica","species","126782","Capitanian","","264.28","259.51","11155"
"430433","occ","","","42043","Guadalupia cylindrica","species","126782","recombined as","Lemonea cylindrica","species","126782","Capitanian","","264.28","259.51","11155"
"431020","occ","","","42092","Racemina conica","species","128907","recombined as","Cystothalamia conica","species","128907","Wordian","Capitanian","266.9","259.51","11209"
"431024","occ","","","42092","Cystothalamia insolita n. sp.","species","128976","","Discosiphonella mammilosus","species","126784","Wordian","Capitanian","266.9","259.51","11209"
"431029","occ","","","42092","Guadalupia cylindrica","species","126782","recombined as","Lemonea cylindrica","species","126782","Wordian","Capitanian","266.9","259.51","11209"
"431083","occ","","","42093","Guadalupia cylindrica","species","126782","recombined as","Lemonea cylindrica","species","126782","Wordian","Capitanian","266.9","259.51","11209"
"432553","occ","","","42258","Diecithalamia polysiphonata","species","200905","","Diecithalamia polysiphonata","species","200904","Ladinian","","241.464","237","11253"
"461289","occ","","","45512","Discosiphonella torosa","genus","3751","species not entered","Discosiphonella","genus","3751","Norian","","227.3","205.7","11928"
"467702","occ","","","46492","Discosiphonella mammilosa","genus","3751","species not entered","Discosiphonella","genus","3751","Moscovian","","315.2","307","12394"
"467703","occ","","","46492","Discosiphonella maior","genus","3751","species not entered","Discosiphonella","genus","3751","Moscovian","","315.2","307","12394"
"478205","occ","","","47444","Lichuanospongia typica","species","169374","recombined as","Cystauletes typica","species","169374","Wuchiapingian","","259.51","254.14","12752"
"478206","occ","","","47448","Lichuanospongia typica","species","169374","recombined as","Cystauletes typica","species","169374","Changhsingian","","254.14","251.902","12752"
"478207","occ","","","47449","Lichuanospongia typica","species","169374","recombined as","Cystauletes typica","species","169374","Wuchiapingian","","259.51","254.14","12752"
"478244","occ","","","47441","Cystothalamia conica","species","128908","","Cystothalamia conica","species","128907","Wordian","","266.9","264.28","12753"
"478342","occ","","","47475","Lemonea cylindrica","species","126783","","Lemonea cylindrica","species","126782","Capitanian","","264.28","259.51","12763"
"478343","occ","","","47475","Lemonea micra","species","136531","","Lemonea micra","species","136531","Capitanian","","264.28","259.51","12763"
"478345","occ","","","47476","Lemonea micra","species","136531","","Lemonea micra","species","136531","Capitanian","","264.28","259.51","12763"
"478351","occ","","","47478","Lemonea micra","species","136531","","Lemonea micra","species","136531","Capitanian","","264.28","259.51","12763"
"478356","occ","","","47479","Lemonea cylindrica","species","126783","","Lemonea cylindrica","species","126782","Capitanian","","264.28","259.51","12763"
"478357","occ","","","47479","Lemonea micra","species","136531","","Lemonea micra","species","136531","Capitanian","","264.28","259.51","12763"
"478362","occ","","","47481","Lemonea cylindrica","species","126783","","Lemonea cylindrica","species","126782","Capitanian","","264.28","259.51","12763"
"478363","occ","","","47481","Lemonea exaulifera","species","199344","","Lemonea exaulifera","species","199344","Capitanian","","264.28","259.51","12763"
"478370","occ","","","47483","Lemonea micra","species","136531","","Lemonea micra","species","136531","Capitanian","","264.28","259.51","12763"
"478375","occ","","","47484","Lemonea exaulifera","species","199344","","Lemonea exaulifera","species","199344","Capitanian","","264.28","259.51","12763"
"478376","occ","","","47484","Lemonea micra","species","136531","","Lemonea micra","species","136531","Capitanian","","264.28","259.51","12763"
"478378","occ","","","47485","Lemonea conica","species","199341","","Lemonea conica","species","199341","Capitanian","","264.28","259.51","12763"
"478379","occ","","","47485","Lemonea polysiphonata","species","199342","","Lemonea polysiphonata","species","199342","Capitanian","","264.28","259.51","12763"
"478383","occ","","","47486","Lemonea cylindrica","species","126783","","Lemonea cylindrica","species","126782","Capitanian","","264.28","259.51","12763"
"478384","occ","","","47486","Lemonea polysiphonata","species","199342","","Lemonea polysiphonata","species","199342","Capitanian","","264.28","259.51","12763"
"478386","occ","","","47487","Lemonea conica","species","199341","","Lemonea conica","species","199341","Capitanian","","264.28","259.51","12763"
"478387","occ","","","47487","Lemonea polysiphonata","species","199342","","Lemonea polysiphonata","species","199342","Capitanian","","264.28","259.51","12763"
"478391","occ","","","47488","Lemonea cylindrica","species","126783","","Lemonea cylindrica","species","126782","Capitanian","","264.28","259.51","12763"
"478392","occ","","","47488","Lemonea micra","species","136531","","Lemonea micra","species","136531","Capitanian","","264.28","259.51","12763"
"478404","occ","","","47492","Lemonea polysiphonata","species","199342","","Lemonea polysiphonata","species","199342","Capitanian","","264.28","259.51","12763"
"478405","occ","","","47492","Lemonea micra","species","136531","","Lemonea micra","species","136531","Capitanian","","264.28","259.51","12763"
"478407","occ","","","47493","Lemonea micra","species","136531","","Lemonea micra","species","136531","Capitanian","","264.28","259.51","12763"
"478410","occ","","","47494","Lemonea micra","species","136531","","Lemonea micra","species","136531","Capitanian","","264.28","259.51","12763"
"478415","occ","","","47497","Lemonea micra","species","136531","","Lemonea micra","species","136531","Capitanian","","264.28","259.51","12763"
"478420","occ","","","47499","Lemonea micra","species","136531","","Lemonea micra","species","136531","Capitanian","","264.28","259.51","12763"
"478426","occ","","","47503","Lemonea cylindrica","species","126783","","Lemonea cylindrica","species","126782","Capitanian","","264.28","259.51","12763"
"478428","occ","","","47504","Lemonea micra","species","136531","","Lemonea micra","species","136531","Capitanian","","264.28","259.51","12763"
"478430","occ","","","47505","Lemonea micra","species","136531","","Lemonea micra","species","136531","Capitanian","","264.28","259.51","12763"
"478433","occ","","","47506","Lemonea micra","species","136531","","Lemonea micra","species","136531","Capitanian","","264.28","259.51","12763"
"478434","occ","","","47507","Discosiphonella mammilosa","genus","3751","species not entered","Discosiphonella","genus","3751","Capitanian","","264.28","259.51","12763"
"478436","occ","","","47507","Guadalupia zitteliana","species","126780","","Guadalupia zitteliana","species","126780","Capitanian","","264.28","259.51","12763"
"478437","occ","","","47507","Lemonea cylindrica","species","126783","","Lemonea cylindrica","species","126782","Capitanian","","264.28","259.51","12763"
"478438","occ","","","47507","Lemonea conica","species","199341","","Lemonea conica","species","199341","Capitanian","","264.28","259.51","12763"
"478441","occ","","","47509","Guadalupia explanata","species","199340","recombined as","Polyphymaspongia explanata","species","170841","Capitanian","","264.28","259.51","12763"
"478442","occ","","","47509","Lemonea cylindrica","species","126783","","Lemonea cylindrica","species","126782","Capitanian","","264.28","259.51","12763"
"478448","occ","","","47513","Guadalupia explanata","species","199340","recombined as","Polyphymaspongia explanata","species","170841","Capitanian","","264.28","259.51","12763"
"478464","occ","","","47515","Lemonea cylindrica","species","126783","","Lemonea cylindrica","species","126782","Capitanian","","264.28","259.51","12763"
"478468","occ","","","47516","Lemonea micra","species","136531","","Lemonea micra","species","136531","Capitanian","","264.28","259.51","12763"
"478473","occ","","","47518","Lemonea micra","species","136531","","Lemonea micra","species","136531","Capitanian","","264.28","259.51","12763"
"478477","occ","","","47519","Lemonea polysiphonata","species","199342","","Lemonea polysiphonata","species","199342","Capitanian","","264.28","259.51","12763"
"478478","occ","","","47519","Lemonea micra","species","136531","","Lemonea micra","species","136531","Capitanian","","264.28","259.51","12763"
"478485","occ","","","47522","Lemonea micra","species","136531","","Lemonea micra","species","136531","Capitanian","","264.28","259.51","12763"
"478491","occ","","","47524","Lemonea cylindrica","species","126783","","Lemonea cylindrica","species","126782","Capitanian","","264.28","259.51","12763"
"478492","occ","","","47524","Lemonea micra","species","136531","","Lemonea micra","species","136531","Capitanian","","264.28","259.51","12763"
"478498","occ","","","47525","Guadalupia zitteliana","species","126780","","Guadalupia zitteliana","species","126780","Capitanian","","264.28","259.51","12763"
"478499","occ","","","47525","Lemonea cylindrica","species","126783","","Lemonea cylindrica","species","126782","Capitanian","","264.28","259.51","12763"
"478501","occ","","","47526","Lemonea micra","species","136531","","Lemonea micra","species","136531","Capitanian","","264.28","259.51","12763"
"478509","occ","","","47530","Lemonea polysiphonata","species","199342","","Lemonea polysiphonata","species","199342","Capitanian","","264.28","259.51","12763"
"478512","occ","","","47531","Lemonea cylindrica","species","126783","","Lemonea cylindrica","species","126782","Capitanian","","264.28","259.51","12763"
"478513","occ","","","47531","Lemonea micra","species","136531","","Lemonea micra","species","136531","Capitanian","","264.28","259.51","12763"
"478517","occ","","","47532","Lemonea cylindrica","species","126783","","Lemonea cylindrica","species","126782","Capitanian","","264.28","259.51","12763"
"478523","occ","","","47534","Lemonea micra","species","136531","","Lemonea micra","species","136531","Capitanian","","264.28","259.51","12763"
"478529","occ","","","47536","Lemonea micra","species","136531","","Lemonea micra","species","136531","Capitanian","","264.28","259.51","12763"
"478531","occ","","","47537","Discosiphonella mammilosa","genus","3751","species not entered","Discosiphonella","genus","3751","Capitanian","","264.28","259.51","12763"
"478533","occ","","","47537","Lemonea micra","species","136531","","Lemonea micra","species","136531","Capitanian","","264.28","259.51","12763"
"478535","occ","","","47538","Discosiphonella mammilosa","genus","3751","species not entered","Discosiphonella","genus","3751","Capitanian","","264.28","259.51","12763"
"478538","occ","","","47538","Guadalupia zitteliana","species","126780","","Guadalupia zitteliana","species","126780","Capitanian","","264.28","259.51","12763"
"478539","occ","","","47538","Lemonea conica","species","199341","","Lemonea conica","species","199341","Capitanian","","264.28","259.51","12763"
"478544","occ","","","47539","Guadalupia explanata","species","199340","recombined as","Polyphymaspongia explanata","species","170841","Capitanian","","264.28","259.51","12763"
"478545","occ","","","47539","Lemonea cylindrica","species","126783","","Lemonea cylindrica","species","126782","Capitanian","","264.28","259.51","12763"
"478552","occ","","","47543","Guadalupia zitteliana","species","126780","","Guadalupia zitteliana","species","126780","Capitanian","","264.28","259.51","12763"
"478553","occ","","","47543","Lemonea cylindrica","species","126783","","Lemonea cylindrica","species","126782","Capitanian","","264.28","259.51","12763"
"478554","occ","","","47543","Lemonea polysiphonata","species","199342","","Lemonea polysiphonata","species","199342","Capitanian","","264.28","259.51","12763"
"478557","occ","","","47544","Discosiphonella mammilosa","genus","3751","species not entered","Discosiphonella","genus","3751","Capitanian","","264.28","259.51","12763"
"478559","occ","","","47544","Lemonea polysiphonata","species","199342","","Lemonea polysiphonata","species","199342","Capitanian","","264.28","259.51","12763"
"478560","occ","","","47544","Lemonea micra","species","136531","","Lemonea micra","species","136531","Capitanian","","264.28","259.51","12763"
"478563","occ","","","47545","Discosiphonella mammilosa","genus","3751","species not entered","Discosiphonella","genus","3751","Capitanian","","264.28","259.51","12763"
"478564","occ","","","47546","Discosiphonella mammilosa","genus","3751","species not entered","Discosiphonella","genus","3751","Capitanian","","264.28","259.51","12763"
"478568","occ","","","47547","Discosiphonella mammilosa","genus","3751","species not entered","Discosiphonella","genus","3751","Capitanian","","264.28","259.51","12763"
"478570","occ","","","47548","Lemonea conica","species","199341","","Lemonea conica","species","199341","Capitanian","","264.28","259.51","12763"
"478571","occ","","","47548","Lemonea polysiphonata","species","199342","","Lemonea polysiphonata","species","199342","Capitanian","","264.28","259.51","12763"
"478572","occ","","","47548","Lemonea micra","species","136531","","Lemonea micra","species","136531","Capitanian","","264.28","259.51","12763"
"478577","occ","","","47550","Lemonea cylindrica","species","126783","","Lemonea cylindrica","species","126782","Capitanian","","264.28","259.51","12763"
"478578","occ","","","47550","Lemonea exaulifera","species","199344","","Lemonea exaulifera","species","199344","Capitanian","","264.28","259.51","12763"
"478581","occ","","","47551","Lemonea micra","species","136531","","Lemonea micra","species","136531","Capitanian","","264.28","259.51","12763"
"478584","occ","","","47552","Lemonea cylindrica","species","126783","","Lemonea cylindrica","species","126782","Capitanian","","264.28","259.51","12763"
"478585","occ","","","47552","Lemonea conica","species","199341","","Lemonea conica","species","199341","Capitanian","","264.28","259.51","12763"
"478586","occ","","","47553","Discosiphonella mammilosa","genus","3751","species not entered","Discosiphonella","genus","3751","Capitanian","","264.28","259.51","12763"
"478587","occ","","","47553","Lemonea polysiphonata","species","199342","","Lemonea polysiphonata","species","199342","Capitanian","","264.28","259.51","12763"
"478589","occ","","","47554","Guadalupia explanata","species","199340","recombined as","Polyphymaspongia explanata","species","170841","Capitanian","","264.28","259.51","12763"
"478590","occ","","","47555","Discosiphonella mammilosa","genus","3751","species not entered","Discosiphonella","genus","3751","Capitanian","","264.28","259.51","12763"
"478592","occ","","","47555","Lemonea micra n. sp.","species","136531","","Lemonea micra","species","136531","Capitanian","","264.28","259.51","12763"
"478593","occ","","","47556","Lemonea polysiphonata","species","199342","","Lemonea polysiphonata","species","199342","Capitanian","","264.28","259.51","12763"
"478594","occ","","","47557","Lemonea conica","species","199341","","Lemonea conica","species","199341","Capitanian","","264.28","259.51","12763"
"478599","occ","","","47559","Guadalupia explanata","species","199340","recombined as","Polyphymaspongia explanata","species","170841","Capitanian","","264.28","259.51","12763"
"478601","occ","","","47560","Lemonea micra","species","136531","","Lemonea micra","species","136531","Capitanian","","264.28","259.51","12763"
"478602","occ","","","47561","Discosiphonella mammilosa","genus","3751","species not entered","Discosiphonella","genus","3751","Capitanian","","264.28","259.51","12763"
"478604","occ","","","47561","Lemonea polysiphonata","species","199342","","Lemonea polysiphonata","species","199342","Capitanian","","264.28","259.51","12763"
"478605","occ","","","47562","Discosiphonella mammilosa","genus","3751","species not entered","Discosiphonella","genus","3751","Capitanian","","264.28","259.51","12763"
"478609","occ","","","47564","Lemonea conica","species","199341","","Lemonea conica","species","199341","Capitanian","","264.28","259.51","12763"
"478611","occ","","","47565","Lemonea exaulifera","species","199344","","Lemonea exaulifera","species","199344","Capitanian","","264.28","259.51","12763"
"478613","occ","","","47566","Lemonea exaulifera","species","199344","","Lemonea exaulifera","species","199344","Capitanian","","264.28","259.51","12763"
"478614","occ","","","47566","Lemonea micra","species","136531","","Lemonea micra","species","136531","Capitanian","","264.28","259.51","12763"
"478621","occ","","","47568","Guadalupia zitteliana","species","126780","","Guadalupia zitteliana","species","126780","Capitanian","","264.28","259.51","12763"
"478622","occ","","","47568","Lemonea cylindrica","species","126783","","Lemonea cylindrica","species","126782","Capitanian","","264.28","259.51","12763"
"478623","occ","","","47568","Lemonea conica","species","199341","","Lemonea conica","species","199341","Capitanian","","264.28","259.51","12763"
"478624","occ","","","47568","Lemonea polysiphonata","species","199342","","Lemonea polysiphonata","species","199342","Capitanian","","264.28","259.51","12763"
"478625","occ","","","47568","Lemonea micra","species","136531","","Lemonea micra","species","136531","Capitanian","","264.28","259.51","12763"
"478627","occ","","","47569","Lemonea micra","species","136531","","Lemonea micra","species","136531","Capitanian","","264.28","259.51","12763"
"478628","occ","","","47570","Discosiphonella mammilosa","genus","3751","species not entered","Discosiphonella","genus","3751","Capitanian","","264.28","259.51","12763"
"478629","occ","","","47570","Lemonea cylindrica","species","126783","","Lemonea cylindrica","species","126782","Capitanian","","264.28","259.51","12763"
"478630","occ","","","47570","Lemonea micra","species","136531","","Lemonea micra","species","136531","Capitanian","","264.28","259.51","12763"
"478632","occ","","","47571","Lemonea conica","species","199341","","Lemonea conica","species","199341","Capitanian","","264.28","259.51","12763"
"478637","occ","","","47573","Lemonea cylindrica","species","126783","","Lemonea cylindrica","species","126782","Capitanian","","264.28","259.51","12763"
"478638","occ","","","47573","Lemonea conica","species","199341","","Lemonea conica","species","199341","Capitanian","","264.28","259.51","12763"
"478641","occ","","","47574","Guadalupia explanata","species","199340","recombined as","Polyphymaspongia explanata","species","170841","Capitanian","","264.28","259.51","12763"
"478646","occ","","","47576","Discosiphonella mammilosa","genus","3751","species not entered","Discosiphonella","genus","3751","Capitanian","","264.28","259.51","12763"
"478657","occ","","","47579","Guadalupia explanata","species","199340","recombined as","Polyphymaspongia explanata","species","170841","Capitanian","","264.28","259.51","12763"
"478659","occ","","","47580","Lemonea micra","species","136531","","Lemonea micra","species","136531","Capitanian","","264.28","259.51","12763"
"478660","occ","","","47581","Lemonea polysiphonata","species","199342","","Lemonea polysiphonata","species","199342","Capitanian","","264.28","259.51","12763"
"478662","occ","","","47582","Guadalupia explanata","species","199340","recombined as","Polyphymaspongia explanata","species","170841","Capitanian","","264.28","259.51","12763"
"478663","occ","","","47583","Discosiphonella mammilosa","genus","3751","species not entered","Discosiphonella","genus","3751","Capitanian","","264.28","259.51","12763"
"478664","occ","","","47583","Guadalupia explanata","species","199340","recombined as","Polyphymaspongia explanata","species","170841","Capitanian","","264.28","259.51","12763"
"478665","occ","","","47584","Guadalupia explanata","species","199340","recombined as","Polyphymaspongia explanata","species","170841","Capitanian","","264.28","259.51","12763"
"478666","occ","","","47584","Lemonea polysiphonata","species","199342","","Lemonea polysiphonata","species","199342","Capitanian","","264.28","259.51","12763"
"478671","occ","","","47586","Lemonea micra","species","136531","","Lemonea micra","species","136531","Capitanian","","264.28","259.51","12763"
"478675","occ","","","47587","Guadalupia explanata","species","199340","recombined as","Polyphymaspongia explanata","species","170841","Capitanian","","264.28","259.51","12763"
"478676","occ","","","47588","Lemonea micra","species","136531","","Lemonea micra","species","136531","Capitanian","","264.28","259.51","12763"
"478678","occ","","","47589","Lemonea polysiphonata","species","199342","","Lemonea polysiphonata","species","199342","Capitanian","","264.28","259.51","12763"
"478679","occ","","","47589","Lemonea micra","species","136531","","Lemonea micra","species","136531","Capitanian","","264.28","259.51","12763"
"478687","occ","","","47593","Guadalupia explanata","species","199340","recombined as","Polyphymaspongia explanata","species","170841","Capitanian","","264.28","259.51","12763"
"478691","occ","","","47595","Lemonea polysiphonata","species","199342","","Lemonea polysiphonata","species","199342","Capitanian","","264.28","259.51","12763"
"478694","occ","","","47596","Discosiphonella mammilosa","genus","3751","species not entered","Discosiphonella","genus","3751","Capitanian","","264.28","259.51","12763"
"478696","occ","","","47597","Discosiphonella mammilosa","genus","3751","species not entered","Discosiphonella","genus","3751","Capitanian","","264.28","259.51","12763"
"478698","occ","","","47597","Lemonea micra","species","136531","","Lemonea micra","species","136531","Capitanian","","264.28","259.51","12763"
"478700","occ","","","47599","Discosiphonella mammilosa","genus","3751","species not entered","Discosiphonella","genus","3751","Capitanian","","264.28","259.51","12763"
"478709","occ","","","47600","Guadalupia zitteliana","species","126780","","Guadalupia zitteliana","species","126780","Capitanian","","264.28","259.51","12763"
"478710","occ","","","47600","Lemonea cylindrica","species","126783","","Lemonea cylindrica","species","126782","Capitanian","","264.28","259.51","12763"
"478711","occ","","","47600","Lemonea conica","species","199341","","Lemonea conica","species","199341","Capitanian","","264.28","259.51","12763"
"478712","occ","","","47600","Lemonea micra","species","136531","","Lemonea micra","species","136531","Capitanian","","264.28","259.51","12763"
"478798","occ","","","47601","Guadalupia explanata","species","199340","recombined as","Polyphymaspongia explanata","species","170841","Capitanian","","264.28","259.51","12763"
"478799","occ","","","47602","Lemonea cylindrica","species","126783","","Lemonea cylindrica","species","126782","Capitanian","","264.28","259.51","12763"
"478803","occ","","","47603","Lemonea micra","species","136531","","Lemonea micra","species","136531","Capitanian","","264.28","259.51","12763"
"478805","occ","","","47604","Discosiphonella mammilosa","genus","3751","species not entered","Discosiphonella","genus","3751","Capitanian","","264.28","259.51","12763"
"478807","occ","","","47604","Lemonea cylindrica","species","126783","","Lemonea cylindrica","species","126782","Capitanian","","264.28","259.51","12763"
"478808","occ","","","47604","Lemonea polysiphonata","species","199342","","Lemonea polysiphonata","species","199342","Capitanian","","264.28","259.51","12763"
"478809","occ","","","47604","Lemonea micra","species","136531","","Lemonea micra","species","136531","Capitanian","","264.28","259.51","12763"
"478816","occ","","","47605","Lemonea polysiphonata","species","199342","","Lemonea polysiphonata","species","199342","Capitanian","","264.28","259.51","12763"
"478827","occ","","","47609","Lemonea cylindrica","species","126783","","Lemonea cylindrica","species","126782","Capitanian","","264.28","259.51","12763"
"478831","occ","","","47610","Lemonea micra","species","136531","","Lemonea micra","species","136531","Capitanian","","264.28","259.51","12763"
"478840","occ","","","47614","Discosiphonella mammilosa","genus","3751","species not entered","Discosiphonella","genus","3751","Capitanian","","264.28","259.51","12763"
"478843","occ","","","47614","Lemonea micra","species","136531","","Lemonea micra","species","136531","Capitanian","","264.28","259.51","12763"
"478845","occ","","","47615","Discosiphonella mammilosa","genus","3751","species not entered","Discosiphonella","genus","3751","Capitanian","","264.28","259.51","12763"
"478850","occ","","","47616","Lemonea conica","species","199341","","Lemonea conica","species","199341","Capitanian","","264.28","259.51","12763"
"478851","occ","","","47617","Discosiphonella mammilosa","genus","3751","species not entered","Discosiphonella","genus","3751","Capitanian","","264.28","259.51","12763"
"478856","occ","","","47617","Guadalupia zitteliana","species","126780","","Guadalupia zitteliana","species","126780","Capitanian","","264.28","259.51","12763"
"478857","occ","","","47617","Lemonea conica","species","199341","","Lemonea conica","species","199341","Capitanian","","264.28","259.51","12763"
"478858","occ","","","47617","Lemonea micra","species","136531","","Lemonea micra","species","136531","Capitanian","","264.28","259.51","12763"
"478861","occ","","","47618","Guadalupia explanata","species","199340","recombined as","Polyphymaspongia explanata","species","170841","Capitanian","","264.28","259.51","12763"
"478863","occ","","","47630","Lemonea conica","species","199341","","Lemonea conica","species","199341","Capitanian","","264.28","259.51","12763"
"478864","occ","","","47630","Lemonea polysiphonata","species","199342","","Lemonea polysiphonata","species","199342","Capitanian","","264.28","259.51","12763"
"478869","occ","","","47633","Lemonea cylindrica","species","126783","","Lemonea cylindrica","species","126782","Capitanian","","264.28","259.51","12763"
"478871","occ","","","47634","Guadalupia zitteliana","species","126780","","Guadalupia zitteliana","species","126780","Capitanian","","264.28","259.51","12763"
"478872","occ","","","47634","Guadalupia explanata","species","199340","recombined as","Polyphymaspongia explanata","species","170841","Capitanian","","264.28","259.51","12763"
"478873","occ","","","47634","Lemonea cylindrica","species","126783","","Lemonea cylindrica","species","126782","Capitanian","","264.28","259.51","12763"
"478885","occ","","","47636","Guadalupia zitteliana","species","126780","","Guadalupia zitteliana","species","126780","Capitanian","","264.28","259.51","12763"
"478886","occ","","","47636","Lemonea conica","species","199341","","Lemonea conica","species","199341","Capitanian","","264.28","259.51","12763"
"478888","occ","","","47637","Lemonea conica","species","199341","","Lemonea conica","species","199341","Capitanian","","264.28","259.51","12763"
"478889","occ","","","47637","Lemonea micra","species","136531","","Lemonea micra","species","136531","Capitanian","","264.28","259.51","12763"
"478892","occ","","","47638","Lemonea micra","species","136531","","Lemonea micra","species","136531","Capitanian","","264.28","259.51","12763"
"478894","occ","","","47639","Lemonea micra","species","136531","","Lemonea micra","species","136531","Capitanian","","264.28","259.51","12763"
"478897","occ","","","47640","Lemonea micra","species","136531","","Lemonea micra","species","136531","Capitanian","","264.28","259.51","12763"
"478920","occ","","","47644","Lemonea cylindrica","species","126783","","Lemonea cylindrica","species","126782","Capitanian","","264.28","259.51","12763"
"478925","occ","","","47646","Lemonea micra","species","136531","","Lemonea micra","species","136531","Capitanian","","264.28","259.51","12763"
"478936","occ","","","47648","Discosiphonella mammilosa","genus","3751","species not entered","Discosiphonella","genus","3751","Capitanian","","264.28","259.51","12763"
"478938","occ","","","47648","Lemonea conica","species","199341","","Lemonea conica","species","199341","Capitanian","","264.28","259.51","12763"
"478939","occ","","","47648","Lemonea micra","species","136531","","Lemonea micra","species","136531","Capitanian","","264.28","259.51","12763"
"478941","occ","","","47649","Lemonea exaulifera","species","199344","","Lemonea exaulifera","species","199344","Capitanian","","264.28","259.51","12763"
"478942","occ","","","47649","Lemonea micra","species","136531","","Lemonea micra","species","136531","Capitanian","","264.28","259.51","12763"
"478949","occ","","","47650","Lemonea cylindrica","species","126783","","Lemonea cylindrica","species","126782","Capitanian","","264.28","259.51","12763"
"478953","occ","","","47651","Lemonea conica","species","199341","","Lemonea conica","species","199341","Capitanian","","264.28","259.51","12763"
"478954","occ","","","47652","Lemonea conica","species","199341","","Lemonea conica","species","199341","Capitanian","","264.28","259.51","12763"
"478961","occ","","","47653","Lemonea cylindrica","species","126783","","Lemonea cylindrica","species","126782","Capitanian","","264.28","259.51","12763"
"478982","occ","","","47656","Lemonea conica","species","199341","","Lemonea conica","species","199341","Capitanian","","264.28","259.51","12763"
"478992","occ","","","47657","Lemonea conica","species","199341","","Lemonea conica","species","199341","Capitanian","","264.28","259.51","12763"
"478994","occ","","","47658","Lemonea conica","species","199341","","Lemonea conica","species","199341","Capitanian","","264.28","259.51","12763"
"478995","occ","","","47658","Lemonea polysiphonata","species","199342","","Lemonea polysiphonata","species","199342","Capitanian","","264.28","259.51","12763"
"478996","occ","","","47658","Lemonea micra","species","136531","","Lemonea micra","species","136531","Capitanian","","264.28","259.51","12763"
"479009","occ","","","47661","Lemonea polysiphonata","species","199342","","Lemonea polysiphonata","species","199342","Capitanian","","264.28","259.51","12763"
"479018","occ","","","47662","Guadalupia zitteliana","species","126780","","Guadalupia zitteliana","species","126780","Capitanian","","264.28","259.51","12763"
"479029","occ","","","47664","Lemonea micra","species","136531","","Lemonea micra","species","136531","Capitanian","","264.28","259.51","12763"
"479036","occ","","","47666","Lemonea polysiphonata","species","199342","","Lemonea polysiphonata","species","199342","Capitanian","","264.28","259.51","12763"
"479037","occ","","","47666","Lemonea micra","species","136531","","Lemonea micra","species","136531","Capitanian","","264.28","259.51","12763"
"479044","occ","","","47668","Guadalupia zitteliana","species","126780","","Guadalupia zitteliana","species","126780","Capitanian","","264.28","259.51","12763"
"479045","occ","","","47668","Lemonea micra","species","136531","","Lemonea micra","species","136531","Capitanian","","264.28","259.51","12763"
"479056","occ","","","47672","Lemonea micra","species","136531","","Lemonea micra","species","136531","Capitanian","","264.28","259.51","12763"
"479069","occ","","","47675","Lemonea polysiphonata","species","199342","","Lemonea polysiphonata","species","199342","Capitanian","","264.28","259.51","12763"
"479080","occ","","","47679","Lemonea conica","species","199341","","Lemonea conica","species","199341","Capitanian","","264.28","259.51","12763"
"479081","occ","","","47679","Lemonea micra","species","136531","","Lemonea micra","species","136531","Capitanian","","264.28","259.51","12763"
"479093","occ","","","47682","Guadalupia zitteliana","species","126780","","Guadalupia zitteliana","species","126780","Capitanian","","264.28","259.51","12763"
"479097","occ","","","47683","Discosiphonella mammilosa","genus","3751","species not entered","Discosiphonella","genus","3751","Capitanian","","264.28","259.51","12763"
"479101","occ","","","47683","Lemonea conica","species","199341","","Lemonea conica","species","199341","Capitanian","","264.28","259.51","12763"
"479104","occ","","","47684","Lemonea cylindrica","species","126783","","Lemonea cylindrica","species","126782","Capitanian","","264.28","259.51","12763"
"479106","occ","","","47685","Lemonea conica","species","199341","","Lemonea conica","species","199341","Capitanian","","264.28","259.51","12763"
"479112","occ","","","47689","Lemonea conica","species","199341","","Lemonea conica","species","199341","Capitanian","","264.28","259.51","12763"
"479121","occ","","","47695","Lemonea conica","species","199341","","Lemonea conica","species","199341","Capitanian","","264.28","259.51","12763"
"479141","occ","","","47714","Discosiphonella mammilosa","genus","3751","species not entered","Discosiphonella","genus","3751","Capitanian","","264.28","259.51","12763"
"479146","occ","","","47715","Discosiphonella mammilosa","genus","3751","species not entered","Discosiphonella","genus","3751","Capitanian","","264.28","259.51","12763"
"479148","occ","","","47715","Guadalupia zitteliana","species","126780","","Guadalupia zitteliana","species","126780","Capitanian","","264.28","259.51","12763"
"479155","occ","","","47718","Guadalupia zitteliana","species","126780","","Guadalupia zitteliana","species","126780","Capitanian","","264.28","259.51","12763"
"479156","occ","","","47718","Lemonea cylindrica","species","126783","","Lemonea cylindrica","species","126782","Capitanian","","264.28","259.51","12763"
"479158","occ","","","47719","Lemonea micra","species","136531","","Lemonea micra","species","136531","Capitanian","","264.28","259.51","12763"
"479161","occ","","","47720","Guadalupia zitteliana","species","126780","","Guadalupia zitteliana","species","126780","Capitanian","","264.28","259.51","12763"
"479164","occ","","","47721","Lemonea micra","species","136531","","Lemonea micra","species","136531","Capitanian","","264.28","259.51","12763"
"479171","occ","","","47723","Lemonea conica","species","199341","","Lemonea conica","species","199341","Capitanian","","264.28","259.51","12763"
"479176","occ","","","47724","Guadalupia zitteliana","species","126780","","Guadalupia zitteliana","species","126780","Capitanian","","264.28","259.51","12763"
"479181","occ","","","47725","Lemonea cylindrica","species","126783","","Lemonea cylindrica","species","126782","Capitanian","","264.28","259.51","12763"
"479182","occ","","","47725","Lemonea polysiphonata","species","199342","","Lemonea polysiphonata","species","199342","Capitanian","","264.28","259.51","12763"
"479183","occ","","","47725","Lemonea micra","species","136531","","Lemonea micra","species","136531","Capitanian","","264.28","259.51","12763"
"479189","occ","","","47727","Discosiphonella mammilosa","genus","3751","species not entered","Discosiphonella","genus","3751","Capitanian","","264.28","259.51","12763"
"479191","occ","","","47727","Lemonea cylindrica","species","126783","","Lemonea cylindrica","species","126782","Capitanian","","264.28","259.51","12763"
"479195","occ","","","47728","Lemonea cylindrica","species","126783","","Lemonea cylindrica","species","126782","Capitanian","","264.28","259.51","12763"
"479199","occ","","","47729","Lemonea micra","species","136531","","Lemonea micra","species","136531","Capitanian","","264.28","259.51","12763"
"479205","occ","","","47731","Guadalupia zitteliana","species","126780","","Guadalupia zitteliana","species","126780","Capitanian","","264.28","259.51","12763"
"479206","occ","","","47731","Lemonea cylindrica","species","126783","","Lemonea cylindrica","species","126782","Capitanian","","264.28","259.51","12763"
"479207","occ","","","47732","Lemonea cylindrica","species","126783","","Lemonea cylindrica","species","126782","Capitanian","","264.28","259.51","12763"
"479208","occ","","","47732","Lemonea micra","species","136531","","Lemonea micra","species","136531","Capitanian","","264.28","259.51","12763"
"479211","occ","","","47733","Lemonea cylindrica","species","126783","","Lemonea cylindrica","species","126782","Capitanian","","264.28","259.51","12763"
"479214","occ","","","47734","Guadalupia zitteliana","species","126780","","Guadalupia zitteliana","species","126780","Capitanian","","264.28","259.51","12763"
"479219","occ","","","47736","Guadalupia zitteliana","species","126780","","Guadalupia zitteliana","species","126780","Capitanian","","264.28","259.51","12763"
"479220","occ","","","47736","Lemonea cylindrica","species","126783","","Lemonea cylindrica","species","126782","Capitanian","","264.28","259.51","12763"
"479221","occ","","","47737","Guadalupia zitteliana","species","126780","","Guadalupia zitteliana","species","126780","Capitanian","","264.28","259.51","12763"
"479222","occ","","","47737","Lemonea exaulifera","species","199344","","Lemonea exaulifera","species","199344","Capitanian","","264.28","259.51","12763"
"479224","occ","","","47738","Lemonea cylindrica","species","126783","","Lemonea cylindrica","species","126782","Capitanian","","264.28","259.51","12763"
"479225","occ","","","47738","Lemonea polysiphonata","species","199342","","Lemonea polysiphonata","species","199342","Capitanian","","264.28","259.51","12763"
"479226","occ","","","47738","Lemonea exaulifera","species","199344","","Lemonea exaulifera","species","199344","Capitanian","","264.28","259.51","12763"
"479227","occ","","","47738","Lemonea micra","species","136531","","Lemonea micra","species","136531","Capitanian","","264.28","259.51","12763"
"479230","occ","","","47740","Lemonea cylindrica","species","126783","","Lemonea cylindrica","species","126782","Capitanian","","264.28","259.51","12763"
"479231","occ","","","47740","Lemonea exaulifera","species","199344","","Lemonea exaulifera","species","199344","Capitanian","","264.28","259.51","12763"
"479232","occ","","","47741","Guadalupia zitteliana","species","126780","","Guadalupia zitteliana","species","126780","Capitanian","","264.28","259.51","12763"
"479233","occ","","","47742","Lemonea exaulifera","species","199344","","Lemonea exaulifera","species","199344","Capitanian","","264.28","259.51","12763"
"479234","occ","","","47743","Guadalupia zitteliana","species","126780","","Guadalupia zitteliana","species","126780","Capitanian","","264.28","259.51","12763"
"479237","occ","","","47744","Lemonea cylindrica","species","126783","","Lemonea cylindrica","species","126782","Capitanian","","264.28","259.51","12763"
"479241","occ","","","47745","Discosiphonella mammilosa","genus","3751","species not entered","Discosiphonella","genus","3751","Capitanian","","264.28","259.51","12763"
"479248","occ","","","47747","Lemonea exaulifera n. sp.","species","199344","","Lemonea exaulifera","species","199344","Capitanian","","264.28","259.51","12763"
"479250","occ","","","47748","Lemonea micra","species","136531","","Lemonea micra","species","136531","Capitanian","","264.28","259.51","12763"
"479253","occ","","","47749","Guadalupia zitteliana","species","126780","","Guadalupia zitteliana","species","126780","Capitanian","","264.28","259.51","12763"
"479254","occ","","","47749","Lemonea cylindrica","species","126783","","Lemonea cylindrica","species","126782","Capitanian","","264.28","259.51","12763"
"479255","occ","","","47750","Guadalupia zitteliana","species","126780","","Guadalupia zitteliana","species","126780","Capitanian","","264.28","259.51","12763"
"479256","occ","","","47750","Lemonea conica","species","199341","","Lemonea conica","species","199341","Capitanian","","264.28","259.51","12763"
"479258","occ","","","47751","Lemonea micra","species","136531","","Lemonea micra","species","136531","Capitanian","","264.28","259.51","12763"
"479264","occ","","","47752","Lemonea cylindrica","species","126783","","Lemonea cylindrica","species","126782","Capitanian","","264.28","259.51","12763"
"479265","occ","","","47752","Lemonea exaulifera","species","199344","","Lemonea exaulifera","species","199344","Capitanian","","264.28","259.51","12763"
"479266","occ","","","47752","Lemonea micra","species","136531","","Lemonea micra","species","136531","Capitanian","","264.28","259.51","12763"
"479270","occ","","","47753","Guadalupia zitteliana","species","126780","","Guadalupia zitteliana","species","126780","Capitanian","","264.28","259.51","12763"
"479271","occ","","","47753","Lemonea cylindrica","species","126783","","Lemonea cylindrica","species","126782","Capitanian","","264.28","259.51","12763"
"479273","occ","","","47754","Discosiphonella mammilosa","genus","3751","species not entered","Discosiphonella","genus","3751","Capitanian","","264.28","259.51","12763"
"479278","occ","","","47756","Guadalupia zitteliana","species","126780","","Guadalupia zitteliana","species","126780","Capitanian","","264.28","259.51","12763"
"479282","occ","","","47757","Lemonea cylindrica","species","126783","","Lemonea cylindrica","species","126782","Capitanian","","264.28","259.51","12763"
"479287","occ","","","47758","Lemonea micra","species","136531","","Lemonea micra","species","136531","Capitanian","","264.28","259.51","12763"
"479290","occ","","","47759","Guadalupia zitteliana","species","126780","","Guadalupia zitteliana","species","126780","Capitanian","","264.28","259.51","12763"
"479295","occ","","","47761","Guadalupia zitteliana","species","126780","","Guadalupia zitteliana","species","126780","Capitanian","","264.28","259.51","12763"
"479296","occ","","","47761","Lemonea cylindrica","species","126783","","Lemonea cylindrica","species","126782","Capitanian","","264.28","259.51","12763"
"479297","occ","","","47761","Lemonea micra","species","136531","","Lemonea micra","species","136531","Capitanian","","264.28","259.51","12763"
"479299","occ","","","47762","Guadalupia zitteliana","species","126780","","Guadalupia zitteliana","species","126780","Capitanian","","264.28","259.51","12763"
"479308","occ","","","47765","Guadalupia zitteliana","species","126780","","Guadalupia zitteliana","species","126780","Capitanian","","264.28","259.51","12763"
"479309","occ","","","47765","Lemonea exaulifera","species","199344","","Lemonea exaulifera","species","199344","Capitanian","","264.28","259.51","12763"
"479310","occ","","","47765","Lemonea micra","species","136531","","Lemonea micra","species","136531","Capitanian","","264.28","259.51","12763"
"479314","occ","","","47767","Discosiphonella mammilosa","genus","3751","species not entered","Discosiphonella","genus","3751","Capitanian","","264.28","259.51","12763"
"479315","occ","","","47767","Guadalupia zitteliana","species","126780","","Guadalupia zitteliana","species","126780","Capitanian","","264.28","259.51","12763"
"479320","occ","","","47769","Discosiphonella mammilosa","genus","3751","species not entered","Discosiphonella","genus","3751","Capitanian","","264.28","259.51","12763"
"479323","occ","","","47769","Guadalupia zitteliana","species","126780","","Guadalupia zitteliana","species","126780","Capitanian","","264.28","259.51","12763"
"479325","occ","","","47770","Guadalupia zitteliana","species","126780","","Guadalupia zitteliana","species","126780","Capitanian","","264.28","259.51","12763"
"479328","occ","","","47771","Lemonea polysiphonata","species","199342","","Lemonea polysiphonata","species","199342","Capitanian","","264.28","259.51","12763"
"479331","occ","","","47772","Guadalupia zitteliana","species","126780","","Guadalupia zitteliana","species","126780","Capitanian","","264.28","259.51","12763"
"479332","occ","","","47773","Discosiphonella mammilosa","genus","3751","species not entered","Discosiphonella","genus","3751","Capitanian","","264.28","259.51","12763"
"479334","occ","","","47773","Guadalupia zitteliana","species","126780","","Guadalupia zitteliana","species","126780","Capitanian","","264.28","259.51","12763"
"479338","occ","","","47774","Guadalupia zitteliana","species","126780","","Guadalupia zitteliana","species","126780","Capitanian","","264.28","259.51","12763"
"479339","occ","","","47774","Lemonea micra","species","136531","","Lemonea micra","species","136531","Capitanian","","264.28","259.51","12763"
"479341","occ","","","47775","Lemonea cylindrica","species","126783","","Lemonea cylindrica","species","126782","Capitanian","","264.28","259.51","12763"
"479342","occ","","","47775","Lemonea polysiphonata","species","199342","","Lemonea polysiphonata","species","199342","Capitanian","","264.28","259.51","12763"
"479343","occ","","","47776","Lemonea cylindrica","species","126783","","Lemonea cylindrica","species","126782","Capitanian","","264.28","259.51","12763"
"479346","occ","","","47777","Discosiphonella mammilosa","genus","3751","species not entered","Discosiphonella","genus","3751","Capitanian","","264.28","259.51","12763"
"479347","occ","","","47778","Lemonea micra","species","136531","","Lemonea micra","species","136531","Capitanian","","264.28","259.51","12763"
"479349","occ","","","47779","Lemonea micra","species","136531","","Lemonea micra","species","136531","Capitanian","","264.28","259.51","12763"
"479353","occ","","","47780","Lemonea cylindrica","species","126783","","Lemonea cylindrica","species","126782","Capitanian","","264.28","259.51","12763"
"479354","occ","","","47780","Lemonea micra","species","136531","","Lemonea micra","species","136531","Capitanian","","264.28","259.51","12763"
"494857","occ","","","50022","Cystothalamia sp.","genus","3747","","Cystothalamia","genus","3747","Wuchiapingian","","259.51","254.14","13431"
"494883","occ","","","50023","Cystothalamia sp.","genus","3747","","Cystothalamia","genus","3747","Wuchiapingian","","259.51","254.14","13431"
"494932","occ","","","50024","Cystothalamia sp.","genus","3747","","Cystothalamia","genus","3747","Changhsingian","","254.14","251.902","13431"
"494967","occ","","","50025","Cystothalamia sp.","genus","3747","","Cystothalamia","genus","3747","Wuchiapingian","","259.51","254.14","13431"
"495007","occ","","","50026","Cystothalamia sp.","genus","3747","","Cystothalamia","genus","3747","Wuchiapingian","","259.51","254.14","13431"
"495019","occ","","","50027","Cystothalamia sp.","genus","3747","","Cystothalamia","genus","3747","Wuchiapingian","","259.51","254.14","13431"
"503619","occ","","","144355","Cystauletes sp.","genus","56687","species not entered","Discosiphonella","genus","3751","Wordian","","266.9","264.28","13635"
"503646","occ","","","144359","Cystauletes sp.","genus","56687","species not entered","Discosiphonella","genus","3751","Wordian","","266.9","264.28","13635"
"503654","occ","","","51170","Guadalupia minima","species","173515","","Guadalupia minima","species","173515","Wordian","","266.9","264.28","13635"
"503710","occ","","","51178","Guadalupia minima","species","173515","","Guadalupia minima","species","173515","Wordian","","266.9","264.28","13635"
"559001","occ","","","58093","Cystauletes sp.","genus","56687","species not entered","Discosiphonella","genus","3751","Sevatian","","211.18","205.7","15605"
"570750","occ","","","59919","Lemonea cylindrica","species","126783","","Lemonea cylindrica","species","126782","Kungurian","","283.3","274.4","17203"
"572107","occ","","","60059","Cystothalamia sloveniensis","genus","3747","species not entered","Cystothalamia","genus","3747","Carnian","","237","227.3","17262"
"572504","occ","","","60119","Cystothalamia sloveniensis","genus","3747","species not entered","Cystothalamia","genus","3747","Carnian","","237","227.3","17262"
"627994","occ","","","67723","Diecithalamia polysiphonata","species","200905","","Diecithalamia polysiphonata","species","200904","Longobardian","","239.48","237","19356"
"685855","occ","","","73857","Discosiphonella minima","species","200859","","Discosiphonella minima","species","200859","Norian","","227.3","205.7","24765"
"685895","occ","","","73858","Discosiphonella minima n. sp.","species","200859","","Discosiphonella minima","species","200859","Norian","","227.3","205.7","24765"
"685902","occ","","","73859","Discosiphonella minima","species","200859","","Discosiphonella minima","species","200859","Norian","","227.3","205.7","24765"
"696224","occ","","","74927","Discosiphonella mammilosa","genus","3751","species not entered","Discosiphonella","genus","3751","Changhsingian","","254.14","251.902","20832"
"696276","occ","","","74930","Cystothalamia sp.","genus","3747","","Cystothalamia","genus","3747","Changhsingian","","254.14","251.902","25279"
"696463","occ","","","116661","Cystothalamia irregulara n. sp.","species","199334","","Cystothalamia irregulara","species","199334","Changhsingian","","254.14","251.902","25280"
"698117","occ","","","47457","Cystothalamia sp.","genus","3747","","Cystothalamia","genus","3747","Changhsingian","","254.14","251.902","25304"
"698121","occ","","","47456","Guadalupia sp.","genus","3461","","Guadalupia","genus","3461","Wordian","Capitanian","266.9","259.51","25304"
"703053","occ","","","75474","Cystothalamia adrianensis","species","200902","","Cystothalamia adrianensis","species","200902","Wordian","","266.9","264.28","25469"
"703054","occ","","","75474","Cystothalamia distefanoi","species","200903","","Cystothalamia distefanoi","species","200903","Wordian","","266.9","264.28","25469"
"703055","occ","","","75474","Cystothalamia nodulifera","species","170843","","Cystothalamia nodulifera","species","170843","Wordian","","266.9","264.28","25469"
"703056","occ","","","75474","Discosiphonella mammilosa","genus","3751","species not entered","Discosiphonella","genus","3751","Wordian","","266.9","264.28","25469"
"703072","occ","","","75474","Lemonea cylindrica","species","126783","","Lemonea cylindrica","species","126782","Wordian","","266.9","264.28","25469"
"703327","occ","","","75509","Cystauletes lercarensis n. sp.","species","128910","","Cystauletes lercarensis","species","128910","Artinskian","","290.1","283.3","25497"
"703328","occ","","","75509","Guadalupia cylindrica","species","126782","recombined as","Lemonea cylindrica","species","126782","Artinskian","","290.1","283.3","25497"
"703350","occ","","","75510","Cystothalamia sp.","genus","3747","","Cystothalamia","genus","3747","Roadian","","274.4","266.9","25468"
"703353","occ","","","75510","Guadalupia cylindrica","species","126782","recombined as","Lemonea cylindrica","species","126782","Roadian","","274.4","266.9","25468"
"703354","occ","","","75510","Guadalupia sp.","genus","3461","","Guadalupia","genus","3461","Roadian","","274.4","266.9","25468"
"705281","occ","","","75644","Cystauletes kingi n. sp.","species","186182","","Cystauletes kingi","species","186182","Gzhelian","","303.7","298.9","25557"
"705892","occ","","","75754","Guadalupia sp.","genus","3461","","Guadalupia","genus","3461","Sakmarian","Artinskian","293.52","283.3","25603"
"708726","occ","","","75767","Discosiphonella iranica n. sp.","species","113982","","Discosiphonella iranica","species","113982","Roadian","","274.4","266.9","25701"
"708733","occ","","","75767","Cystothalamia surmaqensis n. sp.","species","113990","","Cystothalamia surmaqensis","species","113990","Roadian","","274.4","266.9","25701"
"708911","occ","","","75969","Guadalupia zitteliana","species","126780","","Guadalupia zitteliana","species","126780","Capitanian","","264.28","259.51","25703"
"708912","occ","","","75969","Guadalupia minuta n. sp.","species","126781","","Guadalupia minuta","species","126781","Capitanian","","264.28","259.51","25703"
"708913","occ","","","75969","Lemonea cylindrica","species","126783","","Lemonea cylindrica","species","126782","Capitanian","","264.28","259.51","25703"
"708914","occ","23424","","75969","Incisimura bella n. gen. n. sp.","species","170831","","Incisimura bella","species","170831","Capitanian","","264.28","259.51","33849"
"773287","occ","","","82897","Cystothalamia crassa n. sp.","species","130870","","Cystothalamia crassa","species","130870","Changhsingian","","254.14","251.902","9785"
"773288","occ","","","82897","Cystauletes primoriensis","species","130871","","Cystauletes primoriensis","species","130871","Changhsingian","","254.14","251.902","9785"
"793050","occ","","","86025","Guadalupia cylindrica","species","126782","recombined as","Lemonea cylindrica","species","126782","Roadian","","274.4","266.9","9717"
"794051","occ","","","86169","Lichuanospongia primorica n. sp.","species","140314","recombined as","Discosiphonella primorica","species","140314","Wuchiapingian","","259.51","254.14","9785"
"861469","occ","","","95715","Discosiphonella mammilosa","genus","3751","species not entered","Discosiphonella","genus","3751","Capitanian","","264.28","259.51","6842"
"861472","occ","","","95715","Guadalupia explanata","species","199340","recombined as","Polyphymaspongia explanata","species","170841","Capitanian","","264.28","259.51","6842"
"861473","occ","","","95715","Guadalupia zitteliana","species","126780","","Guadalupia zitteliana","species","126780","Capitanian","","264.28","259.51","6842"
"861474","occ","","","95715","Lemonea conica","species","199341","","Lemonea conica","species","199341","Capitanian","","264.28","259.51","6842"
"861475","occ","","","95715","Lemonea cylindrica","species","126783","","Lemonea cylindrica","species","126782","Capitanian","","264.28","259.51","6842"
"861476","occ","","","95715","Lemonea exaulifera","species","199344","","Lemonea exaulifera","species","199344","Capitanian","","264.28","259.51","6842"
"861477","occ","","","95715","Lemonea micra","species","136531","","Lemonea micra","species","136531","Capitanian","","264.28","259.51","6842"
"861478","occ","","","95715","Lemonea polysiphonata","species","199342","","Lemonea polysiphonata","species","199342","Capitanian","","264.28","259.51","6842"
"861495","occ","","","95716","Guadalupia zitteliana","species","126780","","Guadalupia zitteliana","species","126780","Capitanian","","264.28","259.51","6842"
"861496","occ","","","95716","Lemonea conica","species","199341","","Lemonea conica","species","199341","Capitanian","","264.28","259.51","6842"
"861497","occ","","","95716","Lemonea micra","species","136531","","Lemonea micra","species","136531","Capitanian","","264.28","259.51","6842"
"861498","occ","","","95716","Lemonea polysiphonata","species","199342","","Lemonea polysiphonata","species","199342","Capitanian","","264.28","259.51","6842"
"875473","occ","","","97070","Lichuanospongia typica","species","169374","recombined as","Cystauletes typica","species","169374","Wordian","","266.9","264.28","33138"
"883264","occ","","","43519","Exovasa cystauletoides n. gen. n. sp.","species","170829","","Exovasa cystauletoides","species","170829","Roadian","","274.4","266.9","33849"
"883265","occ","","","43551","Exovasa cystauletoides n. gen.","species","170829","","Exovasa cystauletoides","species","170829","Roadian","","274.4","266.9","33849"
"883312","occ","","","43491","Guadalupia zitteliana","species","126780","","Guadalupia zitteliana","species","126780","Kungurian","","283.3","274.4","33849"
"883313","occ","","","43515","Guadalupia zitteliana","species","126780","","Guadalupia zitteliana","species","126780","Kungurian","","283.3","274.4","33849"
"883314","occ","","","43548","Guadalupia zitteliana","species","126780","","Guadalupia zitteliana","species","126780","Roadian","","274.4","266.9","33849"
"883315","occ","","","43551","Guadalupia zitteliana","species","126780","","Guadalupia zitteliana","species","126780","Roadian","","274.4","266.9","33849"
"883316","occ","","","43553","Guadalupia zitteliana","species","126780","","Guadalupia zitteliana","species","126780","Roadian","","274.4","266.9","33849"
"883317","occ","","","43574","Guadalupia zitteliana","species","126780","","Guadalupia zitteliana","species","126780","Kungurian","","283.3","274.4","33849"
"883318","occ","","","81630","Guadalupia zitteliana","species","126780","","Guadalupia zitteliana","species","126780","Kungurian","","283.3","274.4","33849"
"883319","occ","","","81650","Guadalupia zitteliana","species","126780","","Guadalupia zitteliana","species","126780","Roadian","","274.4","266.9","33849"
"883320","occ","","","81651","Guadalupia zitteliana","species","126780","","Guadalupia zitteliana","species","126780","Kungurian","","283.3","274.4","33849"
"883321","occ","","","81693","Guadalupia zitteliana","species","126780","","Guadalupia zitteliana","species","126780","Roadian","","274.4","266.9","33849"
"883322","occ","","","81695","Guadalupia zitteliana","species","126780","","Guadalupia zitteliana","species","126780","Wordian","","266.9","264.28","33849"
"883323","occ","","","81709","Guadalupia zitteliana","species","126780","","Guadalupia zitteliana","species","126780","Wordian","","266.9","264.28","33849"
"883325","occ","","","43496","Guadalupia auricula n. sp.","species","170834","","Guadalupia auricula","species","170834","Kungurian","","283.3","274.4","33849"
"883326","occ","","","43491","Guadalupia lepta n. sp.","species","170835","","Guadalupia lepta","species","170835","Kungurian","","283.3","274.4","33849"
"883327","occ","","","43494","Guadalupia lepta","species","170835","","Guadalupia lepta","species","170835","Kungurian","","283.3","274.4","33849"
"883328","occ","","","43517","Guadalupia cupulosa n. sp.","species","170836","","Guadalupia cupulosa","species","170836","Kungurian","","283.3","274.4","33849"
"883329","occ","","","43512","Guadalupia cupulosa","species","170836","","Guadalupia cupulosa","species","170836","Roadian","","274.4","266.9","33849"
"883330","occ","","","43513","Guadalupia cupulosa","species","170836","","Guadalupia cupulosa","species","170836","Kungurian","","283.3","274.4","33849"
"883331","occ","","","43515","Guadalupia cupulosa","species","170836","","Guadalupia cupulosa","species","170836","Kungurian","","283.3","274.4","33849"
"883332","occ","","","43491","Guadalupia cupulosa","species","170836","","Guadalupia cupulosa","species","170836","Kungurian","","283.3","274.4","33849"
"883333","occ","","","81711","Guadalupia cupulosa","species","170836","","Guadalupia cupulosa","species","170836","Kungurian","","283.3","274.4","33849"
"883334","occ","","","43513","Guadalupia ramescens n. sp.","species","170837","","Guadalupia ramescens","species","170837","Kungurian","","283.3","274.4","33849"
"883335","occ","","","43495","Guadalupia ramescens","species","170837","","Guadalupia ramescens","species","170837","Kungurian","","283.3","274.4","33849"
"883336","occ","","","43613","Guadalupia ramescens","species","170837","","Guadalupia ramescens","species","170837","Roadian","","274.4","266.9","33849"
"883337","occ","","","81693","Guadalupia microcamera n. sp.","species","170838","","Guadalupia microcamera","species","170838","Roadian","","274.4","266.9","33849"
"883338","occ","","","81695","Guadalupia microcamera","species","170838","","Guadalupia microcamera","species","170838","Wordian","","266.9","264.28","33849"
"883339","occ","","","43551","Guadalupia microcamera","species","170838","","Guadalupia microcamera","species","170838","Roadian","","274.4","266.9","33849"
"883340","occ","","","43551","Guadalupia vasa n. sp.","species","170839","","Guadalupia vasa","species","170839","Roadian","","274.4","266.9","33849"
"883341","occ","","","81693","Lemonea simplex n. sp.","species","170842","","Lemonea simplex","species","170842","Roadian","","274.4","266.9","33849"
"883342","occ","","","81722","Lemonea simplex","species","170842","","Lemonea simplex","species","170842","Roadian","","274.4","266.9","33849"
"883343","occ","","","43548","Cystothalamia nodulifera","species","170843","","Cystothalamia nodulifera","species","170843","Roadian","","274.4","266.9","33849"
"883344","occ","","","81693","Cystothalamia nodulifera","species","170843","","Cystothalamia nodulifera","species","170843","Roadian","","274.4","266.9","33849"
"883345","occ","","","81695","Cystothalamia nodulifera","species","170843","","Cystothalamia nodulifera","species","170843","Wordian","","266.9","264.28","33849"
"883346","occ","","","81709","Cystothalamia nodulifera","species","170843","","Cystothalamia nodulifera","species","170843","Wordian","","266.9","264.28","33849"
"890998","occ","","","98600","Discosiphonella sp.","genus","3751","","Discosiphonella","genus","3751","Norian","Rhaetian","227.3","201.4","34015"
"899855","occ","","","75474","Guadalupia cidarites","species","173514","","Guadalupia cidarites","species","173514","Wordian","","266.9","264.28","33425"
"900205","occ","","","100397","Ascosymplegma sp.","genus","56697","species not entered","Discosiphonella","genus","3751","Norian","","227.3","205.7","34463"
"900330","occ","","","100418","Ascosymplegma sp.","genus","56697","species not entered","Discosiphonella","genus","3751","Norian","","227.3","205.7","34463"
"900392","occ","","","100438","Ascosymplegma sp.","genus","56697","species not entered","Discosiphonella","genus","3751","Norian","","227.3","205.7","34463"
"900645","occ","","","100517","Ascosymplegma sp.","genus","56697","species not entered","Discosiphonella","genus","3751","Carnian","Norian","237","205.7","34463"
"901641","occ","","","100917","Guadalupia cylindrica","species","126782","recombined as","Lemonea cylindrica","species","126782","Wordian","","266.9","264.28","33425"
"901642","occ","","","100917","Guadalupia minima n. sp.","species","173515","","Guadalupia minima","species","173515","Wordian","","266.9","264.28","33425"
"901644","occ","","","100917","Cystothalamia nodulifera","species","170843","","Cystothalamia nodulifera","species","170843","Wordian","","266.9","264.28","33425"
"901645","occ","25368","","100917","Discosiphonella mammilosa","genus","3751","species not entered","Discosiphonella","genus","3751","Wordian","","266.9","264.28","12763"
"906393","occ","","","86152","Guadalupia zitteliana","species","126780","","Guadalupia zitteliana","species","126780","Kungurian","","283.3","274.4","33849"
"906394","occ","","","86152","Cystothalamia nodulifera","species","170843","","Cystothalamia nodulifera","species","170843","Kungurian","","283.3","274.4","33849"
"909236","occ","","","102511","Cystauletes primoriensis n. sp.","species","130871","","Cystauletes primoriensis","species","130871","Changhsingian","","254.14","251.902","9785"
"909237","occ","23720","","102511","Cystothalamia surmaqensis","species","113990","","Cystothalamia surmaqensis","species","113990","Changhsingian","","254.14","251.902","25701"
"909238","occ","","","102511","Cystothalamia crassa","species","130870","","Cystothalamia crassa","species","130870","Changhsingian","","254.14","251.902","9785"
"909253","occ","","","102514","Cystothalamia crassa","species","130870","","Cystothalamia crassa","species","130870","Wuchiapingian","","259.51","254.14","9785"
"909261","occ","","","102515","Cystauletes primoriensis","species","130871","","Cystauletes primoriensis","species","130871","Wuchiapingian","","259.51","254.14","9785"
"909262","occ","23721","","102515","Cystothalamia surmaqensis","species","113990","","Cystothalamia surmaqensis","species","113990","Wuchiapingian","","259.51","254.14","25701"
"909270","occ","23722","","102517","Cystothalamia surmaqensis","species","113990","","Cystothalamia surmaqensis","species","113990","Changhsingian","","254.14","251.902","25701"
"935194","occ","","","107698","Lemonea micra","species","136531","","Lemonea micra","species","136531","Capitanian","","264.28","259.51","6842"
"935195","occ","","","107698","Lemonea cylindrica","species","126783","","Lemonea cylindrica","species","126782","Capitanian","","264.28","259.51","6842"
"935197","occ","","","107698","Discosiphonella mammilosa","genus","3751","species not entered","Discosiphonella","genus","3751","Capitanian","","264.28","259.51","6842"
"935198","occ","","","107698","Lemonea polysiphonata","species","199342","","Lemonea polysiphonata","species","199342","Capitanian","","264.28","259.51","6842"
"935201","occ","","","107698","Guadalupia zitteliana","species","126780","","Guadalupia zitteliana","species","126780","Capitanian","","264.28","259.51","6842"
"935202","occ","","","107698","Lemonea conica","species","199341","","Lemonea conica","species","199341","Capitanian","","264.28","259.51","6842"
"935210","occ","","","107698","Lemonea exaulifera","species","199344","","Lemonea exaulifera","species","199344","Capitanian","","264.28","259.51","6842"
"935384","occ","","","107771","Lichuanospongia typica n. gen. n. sp.","species","169374","recombined as","Cystauletes typica","species","169374","Changhsingian","","254.14","251.902","25279"
"935385","occ","","","107771","Lichuanospongia orientalis n. sp.","species","182776","recombined as","Cystauletes orientalis","species","182776","Changhsingian","","254.14","251.902","25279"
"937986","occ","","","101767","Guadalupia zitteliana","species","126780","","Guadalupia zitteliana","species","126780","Roadian","","274.4","266.9","33849"
"937987","occ","","","101767","Guadalupia microcamera","species","170838","","Guadalupia microcamera","species","170838","Roadian","","274.4","266.9","33849"
"937988","occ","","","101767","Cystothalamia nodulifera","species","170843","","Cystothalamia nodulifera","species","170843","Roadian","","274.4","266.9","33849"
"937989","occ","","","101783","Guadalupia cupulosa","species","170836","","Guadalupia cupulosa","species","170836","Roadian","","274.4","266.9","33849"
"937990","occ","","","101803","Guadalupia lepta","species","170835","","Guadalupia lepta","species","170835","Kungurian","","283.3","274.4","33849"
"937991","occ","","","108405","Guadalupia zitteliana","species","126780","","Guadalupia zitteliana","species","126780","Roadian","","274.4","266.9","33849"
"937992","occ","","","108405","Guadalupia vasa","species","170839","","Guadalupia vasa","species","170839","Roadian","","274.4","266.9","33849"
"937993","occ","","","108405","Cystothalamia nodulifera","species","170843","","Cystothalamia nodulifera","species","170843","Roadian","","274.4","266.9","33849"
"937994","occ","","","108406","Cystothalamia nodulifera","species","170843","","Cystothalamia nodulifera","species","170843","Roadian","","274.4","266.9","33849"
"939486","occ","","","108770","Guadalupia cylindrica","species","126782","recombined as","Lemonea cylindrica","species","126782","Capitanian","","264.28","259.51","15631"
"939487","occ","","","108770","Guadalupia digitata n. sp.","species","184336","recombined as","Lemonea digitata","species","184336","Capitanian","","264.28","259.51","15631"
"939488","occ","","","108770","Guadalupia sp.","genus","3461","","Guadalupia","genus","3461","Capitanian","","264.28","259.51","15631"
"939700","occ","","","108800","Guadalupia cylindrica","species","126782","recombined as","Lemonea cylindrica","species","126782","Capitanian","","264.28","259.51","15631"
"939834","occ","","","108812","Guadalupia zitteliana","species","126780","","Guadalupia zitteliana","species","126780","Capitanian","","264.28","259.51","15631"
"939835","occ","","","108812","Guadalupia cylindrica","species","126782","recombined as","Lemonea cylindrica","species","126782","Capitanian","","264.28","259.51","15631"
"939836","occ","","","108812","Guadalupia favosa n. sp.","species","184335","","Guadalupia favosa","species","184335","Capitanian","","264.28","259.51","15631"
"939837","occ","24683","","108812","Cystothalamia megacysta","species","170844","","Cystothalamia megacysta","species","170844","Capitanian","","264.28","259.51","33849"
"940307","occ","","","108829","Cystothalamia nodulifera","species","170843","","Cystothalamia nodulifera","species","170843","Roadian","Capitanian","274.4","259.51","15631"
"940313","occ","","","108831","Cystothalamia nodulifera","species","170843","","Cystothalamia nodulifera","species","170843","Capitanian","","264.28","259.51","15631"
"940542","occ","","","108862","Guadalupia zitteliana","species","126780","","Guadalupia zitteliana","species","126780","Roadian","","274.4","266.9","15631"
"940543","occ","","","108862","Cystothalamia nodulifera","species","170843","","Cystothalamia nodulifera","species","170843","Roadian","","274.4","266.9","15631"
"977377","occ","","","116661","Cystothalamia sp.","genus","3747","","Cystothalamia","genus","3747","Changhsingian","","254.14","251.902","25280"
"977378","occ","","","116661","Cystauletes grossa n. sp.","species","199331","","Cystauletes grossa","species","199331","Changhsingian","","254.14","251.902","25280"
"980725","occ","","","73860","Discosiphonella minima","species","200859","","Discosiphonella minima","species","200859","Lacian","","227.3","215.38","37674"
"981015","occ","","","24309","Diecithalamia polysiphonata","species","200905","","Diecithalamia polysiphonata","species","200904","Carnian","","237","227.3","37780"
"981508","occ","","","117519","Cystothalamia sp.","genus","3747","","Cystothalamia","genus","3747","Changhsingian","","254.14","251.902","6856"
"981550","occ","","","32923","Cystothalamia polysiphonata n. sp.","species","200904","recombined as","Diecithalamia polysiphonata","species","200904","Carnian","","237","227.3","37818"
"981606","occ","","","117544","Cystothalamia polysiphonata","species","200904","recombined as","Diecithalamia polysiphonata","species","200904","Julian","","237","233.6","37818"
"1001743","occ","","","121897","Lemonea exaulifera","species","199344","","Lemonea exaulifera","species","199344","Capitanian","","264.28","259.51","12763"
"1001745","occ","","","121898","Lemonea micra","species","136531","","Lemonea micra","species","136531","Capitanian","","264.28","259.51","12763"
"1001751","occ","","","121902","Lemonea exaulifera","species","199344","","Lemonea exaulifera","species","199344","Capitanian","","264.28","259.51","12763"
"1001754","occ","","","121903","Guadalupia zitteliana","species","126780","","Guadalupia zitteliana","species","126780","Capitanian","","264.28","259.51","12763"
"1001755","occ","","","121903","Lemonea cylindrica","species","126783","","Lemonea cylindrica","species","126782","Capitanian","","264.28","259.51","12763"
"1001761","occ","","","121906","Lemonea cylindrica","species","126783","","Lemonea cylindrica","species","126782","Capitanian","","264.28","259.51","12763"
"1001762","occ","","","121906","Lemonea exaulifera","species","199344","","Lemonea exaulifera","species","199344","Capitanian","","264.28","259.51","12763"
"1001765","occ","","","121908","Discosiphonella mammilosus","species","199338","","Discosiphonella mammilosus","species","126784","Capitanian","","264.28","259.51","12763"
"1001767","occ","","","121908","Lemonea cylindrica","species","126783","","Lemonea cylindrica","species","126782","Capitanian","","264.28","259.51","12763"
"1001768","occ","","","121908","Lemonea conica","species","199341","","Lemonea conica","species","199341","Capitanian","","264.28","259.51","12763"
"1001769","occ","","","121908","Lemonea micra","species","136531","","Lemonea micra","species","136531","Capitanian","","264.28","259.51","12763"
"1001770","occ","","","121909","Guadalupia zitteliana","species","126780","","Guadalupia zitteliana","species","126780","Capitanian","","264.28","259.51","12763"
"1001774","occ","","","121910","Lemonea conica","species","199341","","Lemonea conica","species","199341","Capitanian","","264.28","259.51","12763"
"1001775","occ","","","121910","Lemonea micra","species","136531","","Lemonea micra","species","136531","Capitanian","","264.28","259.51","12763"
"1001777","occ","","","121911","Lemonea micra","species","136531","","Lemonea micra","species","136531","Capitanian","","264.28","259.51","12763"
"1001780","occ","","","121912","Guadalupia zitteliana","species","126780","","Guadalupia zitteliana","species","126780","Capitanian","","264.28","259.51","12763"
"1001785","occ","","","121913","Lemonea cylindrica","species","126783","","Lemonea cylindrica","species","126782","Capitanian","","264.28","259.51","12763"
"1001788","occ","","","121914","Lemonea micra","species","136531","","Lemonea micra","species","136531","Capitanian","","264.28","259.51","12763"
"1001793","occ","","","121916","Discosiphonella mammilosus","species","199338","","Discosiphonella mammilosus","species","126784","Capitanian","","264.28","259.51","12763"
"1001800","occ","","","121917","Guadalupia zitteliana","species","126780","","Guadalupia zitteliana","species","126780","Capitanian","","264.28","259.51","12763"
"1001801","occ","","","121917","Lemonea cylindrica","species","126783","","Lemonea cylindrica","species","126782","Capitanian","","264.28","259.51","12763"
"1001802","occ","","","121917","Lemonea micra","species","136531","","Lemonea micra","species","136531","Capitanian","","264.28","259.51","12763"
"1001803","occ","","","121918","Lemonea cylindrica","species","126783","","Lemonea cylindrica","species","126782","Capitanian","","264.28","259.51","12763"
"1001804","occ","","","121918","Lemonea exaulifera","species","199344","","Lemonea exaulifera","species","199344","Capitanian","","264.28","259.51","12763"
"1001807","occ","","","121919","Guadalupia zitteliana","species","126780","","Guadalupia zitteliana","species","126780","Capitanian","","264.28","259.51","12763"
"1001808","occ","","","121919","Lemonea cylindrica","species","126783","","Lemonea cylindrica","species","126782","Capitanian","","264.28","259.51","12763"
"1001809","occ","","","121919","Lemonea polysiphonata","species","199342","","Lemonea polysiphonata","species","199342","Capitanian","","264.28","259.51","12763"
"1001810","occ","","","121919","Lemonea exaulifera","species","199344","","Lemonea exaulifera","species","199344","Capitanian","","264.28","259.51","12763"
"1001813","occ","","","121920","Lemonea exaulifera","species","199344","","Lemonea exaulifera","species","199344","Capitanian","","264.28","259.51","12763"
"1001816","occ","","","121921","Lemonea cylindrica","species","126783","","Lemonea cylindrica","species","126782","Capitanian","","264.28","259.51","12763"
"1001817","occ","","","121921","Lemonea exaulifera","species","199344","","Lemonea exaulifera","species","199344","Capitanian","","264.28","259.51","12763"
"1001818","occ","","","121921","Lemonea micra","species","136531","","Lemonea micra","species","136531","Capitanian","","264.28","259.51","12763"
"1001821","occ","","","121922","Lemonea cylindrica","species","126783","","Lemonea cylindrica","species","126782","Capitanian","","264.28","259.51","12763"
"1001827","occ","","","121925","Lemonea cylindrica","species","126783","","Lemonea cylindrica","species","126782","Capitanian","","264.28","259.51","12763"
"1001828","occ","","","121925","Lemonea exaulifera","species","199344","","Lemonea exaulifera","species","199344","Capitanian","","264.28","259.51","12763"
"1001833","occ","","","121927","Lemonea cylindrica","species","126783","","Lemonea cylindrica","species","126782","Capitanian","","264.28","259.51","12763"
"1001834","occ","","","121927","Lemonea micra","species","136531","","Lemonea micra","species","136531","Capitanian","","264.28","259.51","12763"
"1001835","occ","","","121928","Guadalupia zitteliana","species","126780","","Guadalupia zitteliana","species","126780","Capitanian","","264.28","259.51","12763"
"1001836","occ","","","121928","Lemonea cylindrica","species","126783","","Lemonea cylindrica","species","126782","Capitanian","","264.28","259.51","12763"
"1001837","occ","","","121928","Lemonea exaulifera","species","199344","","Lemonea exaulifera","species","199344","Capitanian","","264.28","259.51","12763"
"1001838","occ","","","121928","Lemonea micra","species","136531","","Lemonea micra","species","136531","Capitanian","","264.28","259.51","12763"
"1001841","occ","","","121929","Lemonea micra","species","136531","","Lemonea micra","species","136531","Capitanian","","264.28","259.51","12763"
"1001845","occ","","","121930","Guadalupia zitteliana","species","126780","","Guadalupia zitteliana","species","126780","Capitanian","","264.28","259.51","12763"
"1001846","occ","","","121930","Lemonea cylindrica","species","126783","","Lemonea cylindrica","species","126782","Capitanian","","264.28","259.51","12763"
"1001850","occ","","","121931","Discosiphonella mammilosus","species","199338","","Discosiphonella mammilosus","species","126784","Capitanian","","264.28","259.51","12763"
"1001854","occ","","","121932","Lemonea exaulifera","species","199344","","Lemonea exaulifera","species","199344","Capitanian","","264.28","259.51","12763"
"1001856","occ","","","121933","Lemonea exaulifera","species","199344","","Lemonea exaulifera","species","199344","Capitanian","","264.28","259.51","12763"
"1001857","occ","","","121934","Lemonea micra","species","136531","","Lemonea micra","species","136531","Capitanian","","264.28","259.51","12763"
"1001861","occ","","","121936","Lemonea micra","species","136531","","Lemonea micra","species","136531","Capitanian","","264.28","259.51","12763"
"1001864","occ","","","121937","Guadalupia zitteliana","species","126780","","Guadalupia zitteliana","species","126780","Capitanian","","264.28","259.51","12763"
"1001865","occ","","","121937","Lemonea micra","species","136531","","Lemonea micra","species","136531","Capitanian","","264.28","259.51","12763"
"1001869","occ","","","121939","Lemonea cylindrica","species","126783","","Lemonea cylindrica","species","126782","Capitanian","","264.28","259.51","12763"
"1001870","occ","","","121939","Lemonea micra","species","136531","","Lemonea micra","species","136531","Capitanian","","264.28","259.51","12763"
"1001873","occ","","","121940","Lemonea cylindrica","species","126783","","Lemonea cylindrica","species","126782","Capitanian","","264.28","259.51","12763"
"1001874","occ","","","121940","Lemonea micra","species","136531","","Lemonea micra","species","136531","Capitanian","","264.28","259.51","12763"
"1001877","occ","","","121941","Guadalupia zitteliana","species","126780","","Guadalupia zitteliana","species","126780","Capitanian","","264.28","259.51","12763"
"1001878","occ","","","121941","Guadalupia explanata","species","199340","recombined as","Polyphymaspongia explanata","species","170841","Capitanian","","264.28","259.51","12763"
"1001879","occ","","","121941","Lemonea micra","species","136531","","Lemonea micra","species","136531","Capitanian","","264.28","259.51","12763"
"1001881","occ","","","121942","Guadalupia explanata","species","199340","recombined as","Polyphymaspongia explanata","species","170841","Capitanian","","264.28","259.51","15612"
"1001882","occ","","","121942","Lemonea micra","species","136531","","Lemonea micra","species","136531","Capitanian","","264.28","259.51","15612"
"1001883","occ","","","121943","Lemonea cylindrica","species","126783","","Lemonea cylindrica","species","126782","Capitanian","","264.28","259.51","15612"
"1001884","occ","","","121944","Guadalupia zitteliana","species","126780","","Guadalupia zitteliana","species","126780","Capitanian","","264.28","259.51","15612"
"1001885","occ","","","121944","Lemonea micra","species","136531","","Lemonea micra","species","136531","Capitanian","","264.28","259.51","15612"
"1001888","occ","","","121945","Lemonea cylindrica","species","126783","","Lemonea cylindrica","species","126782","Capitanian","","264.28","259.51","15612"
"1001889","occ","","","121946","Lemonea micra","species","136531","","Lemonea micra","species","136531","Capitanian","","264.28","259.51","15612"
"1001893","occ","","","121947","Guadalupia zitteliana","species","126780","","Guadalupia zitteliana","species","126780","Capitanian","","264.28","259.51","15612"
"1001899","occ","","","121950","Lemonea micra","species","136531","","Lemonea micra","species","136531","Capitanian","","264.28","259.51","15612"
"1001901","occ","","","121951","Guadalupia zitteliana","species","126780","","Guadalupia zitteliana","species","126780","Capitanian","","264.28","259.51","15612"
"1001902","occ","","","121951","Lemonea cylindrica","species","126783","","Lemonea cylindrica","species","126782","Capitanian","","264.28","259.51","15612"
"1003953","occ","","","122214","Cystothalamia sp.","genus","3747","","Cystothalamia","genus","3747","Kungurian","","283.3","274.4","38905"
"1003966","occ","","","122218","Cystothalamia sp.","genus","3747","","Cystothalamia","genus","3747","Kungurian","","283.3","274.4","38905"
"1003990","occ","","","122228","Cystothalamia sp.","genus","3747","","Cystothalamia","genus","3747","Kungurian","","283.3","274.4","38905"
"1169454","occ","","","110863","Cystauletes ribuzuoensis n. sp.","species","278047","","Cystauletes ribuzuoensis","species","278047","Guadalupian","","274.4","259.51","48159"
"1282457","occ","","","170144","Discosiphonella minima","species","200859","","Discosiphonella minima","species","200859","Norian","Rhaetian","227.3","201.4","55522"
"1646420","occ","","","233508","Guadalupia zitteliana","species","126780","","Guadalupia zitteliana","species","126780","Wordian","","266.9","264.28","92650"
"1646423","occ","","","233509","Lemonea cylindrica","species","126783","","Lemonea cylindrica","species","126782","Wordian","","266.9","264.28","92650"
"1664607","occ","","","108812","Guadalupia cylindrica concreta","subspecies","499483","","Guadalupia cylindrica concreta","subspecies","499483","Capitanian","","264.28","259.51","15631"
"1664608","occ","","","108800","Guadalupia cylindrica robusta n. ssp.","subspecies","499484","","Guadalupia cylindrica robusta","subspecies","499484","Capitanian","","264.28","259.51","15631"
"1705173","occ","","","232557","Guadalupia zitteliana","species","126780","","Guadalupia zitteliana","species","126780","Wordian","","266.9","264.28","92650"
"1705174","occ","","","232557","Lemonea cylindrica","species","126783","","Lemonea cylindrica","species","126782","Wordian","","266.9","264.28","92650"
"1705178","occ","","","241655","Guadalupia zitteliana","species","126780","","Guadalupia zitteliana","species","126780","Wordian","","266.9","264.28","92650"
"1705180","occ","","","232558","Lemonea cylindrica","species","126783","","Lemonea cylindrica","species","126782","Wordian","","266.9","264.28","92650"
"1705190","occ","","","232561","Guadalupia zitteliana","species","126780","","Guadalupia zitteliana","species","126780","Wordian","","266.9","264.28","92650"
"1705191","occ","","","232561","Lemonea cylindrica","species","126783","","Lemonea cylindrica","species","126782","Wordian","","266.9","264.28","92650"
"1705194","occ","","","241656","Guadalupia zitteliana","species","126780","","Guadalupia zitteliana","species","126780","Wordian","","266.9","264.28","92650"
"1705195","occ","","","241656","Lemonea cylindrica","species","126783","","Lemonea cylindrica","species","126782","Wordian","","266.9","264.28","92650"
"1705198","occ","","","241657","Guadalupia zitteliana","species","126780","","Guadalupia zitteliana","species","126780","Wordian","","266.9","264.28","92650"
"1705200","occ","","","241657","Discosiphonella mammilosus","species","199338","","Discosiphonella mammilosus","species","126784","Wordian","","266.9","264.28","92650"
